Workbook

Sheet Customer_Data
A1: customerID | B1: gender | C1: SeniorCitizen | D1: Partner | E1: Dependents | F1: tenure | G1: PhoneService | H1: MultipleLines | I1: InternetService | J1: OnlineSecurity | K1: OnlineBackup | L1: DeviceProtection | M1: TechSupport | N1: StreamingTV | O1: StreamingMovies | P1: Contract | Q1: PaperlessBilling | R1: PaymentMethod | S1: MonthlyCharges | T1: TotalCharges | U1: Churn
A2: 7590-VHVEG | B2: Female | C2: 0 | D2: Yes | E2: No | F2: 1 | G2: No | H2: No phone service | I2: DSL | J2: No | K2: Yes | L2: No | M2: No | N2: No | O2: No | P2: Month-to-month | Q2: Yes | R2: Electronic check | S2: 29.85 | T2: 29.85 | U2: No
A3: 5575-GNVDE | B3: Male | C3: 0 | D3: No | E3: No | F3: 34 | G3: Yes | H3: No | I3: DSL | J3: Yes | K3: No | L3: Yes | M3: No | N3: No | O3: No | P3: One year | Q3: No | R3: Mailed check | S3: 56.95 | T3: 1889.5 | U3: No
A4: 3668-QPYBK | B4: Male | C4: 0 | D4: No | E4: No | F4: 2 | G4: Yes | H4: No | I4: DSL | J4: Yes | K4: Yes | L4: No | M4: No | N4: No | O4: No | P4: Month-to-month | Q4: Yes | R4: Mailed check | S4: 53.85 | T4: 108.15 | U4: Yes
A5: 7795-CFOCW | B5: Male | C5: 0 | D5: No | E5: No | F5: 45 | G5: No | H5: No phone service | I5: DSL | J5: Yes | K5: No | L5: Yes | M5: Yes | N5: No | O5: No | P5: One year | Q5: No | R5: Bank transfer (automatic) | S5: 42.3 | T5: 1840.75 | U5: No
A6: 9237-HQITU | B6: Female | C6: 0 | D6: No | E6: No | F6: 2 | G6: Yes | H6: No | I6: Fiber optic | J6: No | K6: No | L6: No | M6: No | N6: No | O6: No | P6: Month-to-month | Q6: Yes | R6: Electronic check | S6: 70.7 | T6: 151.65 | U6: Yes
A7: 9305-CDSKC | B7: Female | C7: 0 | D7: No | E7: No | F7: 8 | G7: Yes | H7: Yes | I7: Fiber optic | J7: No | K7: No | L7: Yes | M7: No | N7: Yes | O7: Yes | P7: Month-to-month | Q7: Yes | R7: Electronic check | S7: 99.65 | T7: 820.5 | U7: Yes
A8: 1452-KIOVK | B8: Male | C8: 0 | D8: No | E8: Yes | F8: 22 | G8: Yes | H8: Yes | I8: Fiber optic | J8: No | K8: Yes | L8: No | M8: No | N8: Yes | O8: No | P8: Month-to-month | Q8: Yes | R8: Credit card (automatic) | S8: 89.1 | T8: 1949.4 | U8: No
A9: 6713-OKOMC | B9: Female | C9: 0 | D9: No | E9: No | F9: 10 | G9: No | H9: No phone service | I9: DSL | J9: Yes | K9: No | L9: No | M9: No | N9: No | O9: No | P9: Month-to-month | Q9: No | R9: Mailed check | S9: 29.75 | T9: 301.9 | U9: No
A10: 7892-POOKP | B10: Female | C10: 0 | D10: Yes | E10: No | F10: 28 | G10: Yes | H10: Yes | I10: Fiber optic | J10: No | K10: No | L10: Yes | M10: Yes | N10: Yes | O10: Yes | P10: Month-to-month | Q10: Yes | R10: Electronic check | S10: 104.8 | T10: 3046.05 | U10: Yes
A11: 6388-TABGU | B11: Male | C11: 0 | D11: No | E11: Yes | F11: 62 | G11: Yes | H11: No | I11: DSL | J11: Yes | K11: Yes | L11: No | M11: No | N11: No | O11: No | P11: One year | Q11: No | R11: Bank transfer (automatic) | S11: 56.15 | T11: 3487.95 | U11: No
A12: 9763-GRSKD | B12: Male | C12: 0 | D12: Yes | E12: Yes | F12: 13 | G12: Yes | H12: No | I12: DSL | J12: Yes | K12: No | L12: No | M12: No | N12: No | O12: No | P12: Month-to-month | Q12: Yes | R12: Mailed check | S12: 49.95 | T12: 587.45 | U12: No
A13: 7469-LKBCI | B13: Male | C13: 0 | D13: No | E13: No | F13: 16 | G13: Yes | H13: No | I13: No | J13: No internet service | K13: No internet service | L13: No internet service | M13: No internet service | N13: No internet service | O13: No internet service | P13: Two year | Q13: No | R13: Credit card (automatic) | S13: 18.95 | T13: 326.8 | U13: No
... A7044: 3186-AJIEK | B7044: Male | C7044: 0 | D7044: No | E7044: No | F7044: 66 | G7044: Yes | H7044: No | I7044: Fiber optic | J7044: Yes | K7044: No | L7044: Yes | M7044: Yes | N7044: Yes | O7044: Yes | P7044: Two year | Q7044: Yes | R7044: Bank transfer (automatic) | S7044: 105.65 | T7044: 6844.5 | U7044: No

Sheet Churn_Summary
A1: Customer Churn Analysis
A3: Total Customers | B3: =COUNTA(Customer_Data!A:A)-1 -> 7043 | D3: Customer Status | E3: Number of Customers
A4: Churned Customers | B4: =COUNTIF(Customer_Data!U:U,"Yes") -> 1869 | D4: Churned | E4: =B4 -> 1869
A5: Retained Customers | B5: =COUNTIF(Customer_Data!U:U,"No") -> 5174 | D5: Retained | E5: =B5 -> 5174
A6: Churn Rate | B6: =B4/B3 -> 0.26536987
A7: Retention Rate | B7: =B5/B3 -> 0.73463013
D9: Contract Type | E9: Total Customers | F9: Churned Customers | G9: Churn Rate
D10: Month-to-month | E10: =COUNTIF(Customer_Data!P:P,D10) -> 3875 | F10: =COUNTIFS(Customer_Data!P:P,D10,Customer_Data!U:U,"Yes") -> 1655 | G10: =F10/E10 -> 0.42709677
D11: One year | E11: =COUNTIF(Customer_Data!P:P,D11) -> 1473 | F11: =COUNTIFS(Customer_Data!P:P,D11,Customer_Data!U:U,"Yes") -> 166 | G11: =F11/E11 -> 0.11269518
D12: Two year | E12: =COUNTIF(Customer_Data!P:P,D12) -> 1695 | F12: =COUNTIFS(Customer_Data!P:P,D12,Customer_Data!U:U,"Yes") -> 48 | G12: =F12/E12 -> 0.028318584
D15: Tenure Group | E15: Total Customers | F15: Churned Customers | G15: Churn Rate
D16: 0–12 Months | E16: =COUNTIFS(Customer_Data!F:F,">=0",Customer_Data!F:F,"<=12") -> 2186 | F16: =COUNTIFS(Customer_Data!F:F,">=0",Customer_Data!F:F,"<=12",Customer_Data!U:U,"Yes") -> 1037 | G16: =F16/E16 -> 0.47438243
D17: 13–36 Months | E17: =COUNTIFS(Customer_Data!F:F,">12",Customer_Data!F:F,"<=36") -> 1856 | F17: =COUNTIFS(Customer_Data!F:F,">12",Customer_Data!F:F,"<=36",Customer_Data!U:U,"Yes") -> 474 | G17: =F17/E17 -> 0.25538793
D18: 37+ Months | E18: =COUNTIF(Customer_Data!F:F,">36") -> 3001 | F18: =COUNTIFS(Customer_Data!F:F,">36",Customer_Data!U:U,"Yes") -> 358 | G18: =F18/E18 -> 0.11929357
D21: Payment Method | E21: Total Customers | F21: Churned Customers | G21: Churn Rate
D22: Electronic check | E22: =COUNTIF(Customer_Data!R:R,D22) -> 2365 | F22: =COUNTIFS(Customer_Data!R:R,D22,Customer_Data!U:U,"Yes") -> 1071 | G22: =F22/E22 -> 0.45285412
D23: Mailed check | E23: =COUNTIF(Customer_Data!R:R,D23) -> 1612 | F23: =COUNTIFS(Customer_Data!R:R,D23,Customer_Data!U:U,"Yes") -> 308 | G23: =F23/E23 -> 0.191067
D24: Bank transfer (automatic) | E24: =COUNTIF(Customer_Data!R:R,D24) -> 1544 | F24: =COUNTIFS(Customer_Data!R:R,D24,Customer_Data!U:U,"Yes") -> 258 | G24: =F24/E24 -> 0.16709845
D25: Credit card (automatic) | E25: =COUNTIF(Customer_Data!R:R,D25) -> 1522 | F25: =COUNTIFS(Customer_Data!R:R,D25,Customer_Data!U:U,"Yes") -> 232 | G25: =F25/E25 -> 0.15243101
